9693B6374DB4523751F888F6F14AD5D36E37B2D6B870B04A615EB596009D56CB,9999999999,toremovelater_developer_000,14430,16383
897F479E7C1199C0A6241A266A50DE491F09382E4965AAE879E2618F647545E3,9999999999,toremovelater_developer_001,14430,16383
AC19CDDAF5FD8D417231EFDD35B1629E6CEDA554AE0194F248214E8C075D12BC,9999999999,toremovelater_developer_002,14430,16383
3F65D2FF3621F94108CD130C5410BAD81C6458ADAFAAAA49C85ACFBA11435167,9999999999,toremovelater_developer_003,14430,16383
7E3131E0EAD3875E8442F7900C33FF2A0A51600DC094EA1D6D6BD1D6CC9FE06A,9999999999,toremovelater_developer_004,14430,16383
603F544BC052EE8059EF0C50850E8576AE93EF85546632B37E6AF90F38CE0581,9999999999,toremovelater_developer_005,14430,16383
419CEA309106425520621739A91840E7C4A4E1FC18EE1320F80A24C1987849D5,99999999999999,toremovelater_full_000,16383,16383
F36121085C5BBA4BB4407C850D4504353E677C87B86830EF8F4E9D31E85C9C6B,9999999999,toremovelater_participant_000,2118,16383
F0F94F0B14CB11F404785350DD71F97E46B11E228550071AEAC98B7861D952FC,9999999999,toremovelater_participant_001,2118,16383
A90412A099B2106DFA4254E7D2677169E42AF565BEA2D9327068A35F81CD84BC,9999999999,toremovelater_participant_002,2118,16383
2B1A17567D59FE30D8478F79512F3B750310ADA5D9AE46F802760FEA8F96FA2D,9999999999,toremovelater_participant_003,2118,16383
DDC7FE33EA5571AB71FAFFBF8529C4CCE2F9BFA21CDEA92587E5FDF98C556F26,9999999999,toremovelater_participant_004,2118,16383
F3B41AD85F13F32D3F0FB5DC59562F1F3CD3EE982553FFA65D7CC436DA2A4448,9999999999,toremovelater_participant_005,2118,16383
6B988CCCE24C800274309CE4E9484E64C7842DD4B6298081A3F272844E757095,9999999999,toremovelater_participant_006,2118,16383
AD6592F3F03F9B4C09EBB209D3BC5D3D858DB8508A24ECBF31D137C6F0EAE3FC,9999999999,toremovelater_participant_007,2118,16383
6171CCD1D7DA2153F833D659F4B46E2A526D35286A91E8495928472386DF858E,9999999999,toremovelater_participant_008,2118,16383
AB02A997B7C9924D626542994B591804C8BFB548D8BDA65BE759DEC6AD33C604,9999999999,toremovelater_participant_009,2118,16383
13980F04BCE8EF7ED1C2D5DE4EA2F0A835F90B241223467A4CF2FE78BCDA52CC,9999999999,toremovelater_participant_010,2118,16383
CF7408ED84EE2F2BFFA58E3DB72357039D826566F4DA9AC034539779CD6BC0EE,9999999999,toremovelater_participant_011,2118,16383
D911E1A94D54FEBFD5030766EAB2CAE7FE317B72CE8ABEB80288FEC23F878F4C,9999999999,toremovelater_participant_012,2118,16383
6B1CBCC1A21E0A735EE7CACA3C5BF8C345E0F1BAAB7263DB8D7796F29D2328E8,9999999999,toremovelater_participant_013,2118,16383
F6A5A6011A27C3CFDF5976F52E8B20BEDB57048ACDC0FD14DC4A3A1754E2077F,9999999999,toremovelater_participant_014,2118,16383
2C8C6CE0EFA2FFBE5F1F25BDD794DA86BA027D417350A52BECDBCECD956437C7,9999999999,toremovelater_participant_015,2118,16383
3790BE133A6F960641D36311F1A166DC9451A640E4560C6FC3A05B49049E6ABF,9999999999,toremovelater_participant_016,2118,16383
E6F918278F51D4A04ABFCED6C8A6A304A2D2338D9ECE01B956A1DE5DB73954A2,9999999999,toremovelater_participant_017,2118,16383
9C3571E44AABBD8A331E7B52DF7C5131C2451DAFABAF65949B38F080CE16776E,9999999999,toremovelater_participant_018,2118,16383
4108B3000D70702D24C0A32C55526C1D96CB969E484B221479C91DFBF79D4632,9999999999,toremovelater_participant_019,2118,16383
80BF76FB3F0838D450B6A3B85037834B4D99ACE6785F9B4D91631DD5799A6C5B,9999999999,toremovelater_participant_020,2118,16383
F8F6E65BDBB820DE962FB1D4ABA45C7EA461F598955B421053B252E87F04B3D9,9999999999,toremovelater_participant_021,2118,16383
DAF76E032BD1B25616DE34318742318F0C759ACD8C6722B3E61866876C79AEF2,9999999999,toremovelater_participant_022,2118,16383
E5FECBA2B84CD21D6710320C93AF4F1349CA9299DE3D34997B1418DDA053E4B0,9999999999,toremovelater_participant_023,2118,16383
421459152ADAF238A1EF9A3F64A80BA60BDBDCBD51129B45EF66DBD06E6C3C0F,9999999999,toremovelater_participant_024,2118,16383
EEF45C3A5A0B89E01BA4C022654BF21FFD77F3E2E8775570246DB962D76CA7B6,9999999999,toremovelater_root_000,16383,16383
09773A18C29BC3A5A7C9ACA0F5C2FBA2FACC84E0B5CF5E9BD4D48A1C85B7B16F,9999999999,toremovelater_root_001,16383,16383
7FFFAF5F874A42206446C1944D98FCBAD00C94AB6FBF851EB883084ABE7A517A,9999999999,toremovelater_root_002,16383,16383
BD747107578354EB0A88703B0CF9D5BE95B7EA1C5BDC32601D4E9E241134ED0D,9999999999,toremovelater_validator_000,32,16383
5D33E342E884E77228EDFE7D2945C5AE81D3E1DDC9E27EF6BEC74C82551674CF,9999999999,toremovelater_validator_001,32,16383
00B6A2245437ADF83CBE5706922BCCBF6A4D23CE42614D1EAE775968E026E6C7,9999999999,toremovelater_validator_002,32,16383
DD3B9AB9D840576280DDE8981236803582C2EFDEB6B9E2A7A07974B8A0C26C38,9999999999,toremovelater_validator_003,32,16383
2F4F58A37F1FDC71FCA479B11DFA474DE9E3EA89D95AE51BEA80C84A1E0E3125,9999999999,toremovelater_validator_004,32,16383
9C0022DDC49BB38E5F659A3EE942BC6D33C6722A5EA7E3491B3AB0840D3AC218,9999999999,toremovelater_validator_005,32,16383
7C5E4440F5C9F8B1DBEFE47C50A88FF7EBD6383868F0B5BEFAB4F1C5031C8475,9999999999,toremovelater_validator_006,32,16383
