419CEA309106425520621739A91840E7C4A4E1FC18EE1320F80A24C1987849D5,6,toremovelater_full_000,16383,16383
EEF45C3A5A0B89E01BA4C022654BF21FFD77F3E2E8775570246DB962D76CA7B6,3,toremovelater_root_000,16383,16383
09773A18C29BC3A5A7C9ACA0F5C2FBA2FACC84E0B5CF5E9BD4D48A1C85B7B16F,3,toremovelater_root_001,16383,16383
7FFFAF5F874A42206446C1944D98FCBAD00C94AB6FBF851EB883084ABE7A517A,3,toremovelater_root_002,16383,16383
BD747107578354EB0A88703B0CF9D5BE95B7EA1C5BDC32601D4E9E241134ED0D,7,toremovelater_validator_000,32,16383
5D33E342E884E77228EDFE7D2945C5AE81D3E1DDC9E27EF6BEC74C82551674CF,7,toremovelater_validator_001,32,16383
00B6A2245437ADF83CBE5706922BCCBF6A4D23CE42614D1EAE775968E026E6C7,7,toremovelater_validator_002,32,16383
DD3B9AB9D840576280DDE8981236803582C2EFDEB6B9E2A7A07974B8A0C26C38,7,toremovelater_validator_003,32,16383
2F4F58A37F1FDC71FCA479B11DFA474DE9E3EA89D95AE51BEA80C84A1E0E3125,7,toremovelater_validator_004,32,16383
9C0022DDC49BB38E5F659A3EE942BC6D33C6722A5EA7E3491B3AB0840D3AC218,7,toremovelater_validator_005,32,16383
7C5E4440F5C9F8B1DBEFE47C50A88FF7EBD6383868F0B5BEFAB4F1C5031C8475,7,toremovelater_validator_006,32,16383
